customerkey,last_purchase,frequency,monetary,recency_days,r_score,f_score,m_score,rfm_segment,segment_label
1609,2018-12-30,13,2493.22,2633,1,2,2,122,Lost / Inactive
2345,2018-12-30,7,303.94,2633,1,4,4,144,At Risk
1841,2018-12-30,19,2870.05,2633,1,1,2,112,Lost / Inactive
2011,2018-12-30,6,1643.26,2633,1,4,3,143,At Risk
1717,2018-12-29,18,3675.86,2634,1,1,1,111,Lost / Inactive
1853,2018-12-29,14,3805.71,2634,1,2,1,121,Lost / Inactive
1681,2018-12-29,14,2562.38,2634,1,2,2,122,Lost / Inactive
1620,2018-12-29,9,983.93,2634,1,3,4,134,At Risk
2093,2018-12-29,18,6366.4,2634,1,1,1,111,Lost / Inactive
1934,2018-12-29,14,3100.6,2634,1,2,2,122,Lost / Inactive
1935,2018-12-28,3,146.94,2635,1,4,4,144,At Risk
1707,2018-12-28,15,5990.79,2635,1,2,1,121,Lost / Inactive
2271,2018-12-28,11,2240.58,2635,1,3,2,132,At Risk
1813,2018-12-28,13,2309.43,2635,1,2,2,122,Lost / Inactive
1624,2018-12-28,14,3651.86,2635,1,2,2,122,Lost / Inactive
2034,2018-12-28,20,8236.76,2635,1,1,1,111,Lost / Inactive
1969,2018-12-28,11,1219.52,2635,1,3,3,133,At Risk
1918,2018-12-28,5,1832.07,2635,1,4,3,143,At Risk
2215,2018-12-28,9,644.35,2635,1,3,4,134,At Risk
2190,2018-12-28,13,1903.49,2635,1,2,3,123,Lost / Inactive
1699,2018-12-27,24,6528.03,2636,1,1,1,111,Lost / Inactive
1725,2018-12-26,22,7473.84,2637,1,1,1,111,Lost / Inactive
1795,2018-12-26,10,3152.61,2637,1,3,2,132,At Risk
1876,2018-12-26,8,5454.35,2637,1,3,1,131,At Risk
2013,2018-12-26,10,742.55,2637,1,3,4,134,At Risk
2114,2018-12-25,10,1049.24,2638,1,3,4,134,At Risk
1679,2018-12-25,13,6987.2,2638,1,2,1,121,Lost / Inactive
2001,2018-12-25,22,5503.09,2638,1,1,1,111,Lost / Inactive
1828,2018-12-25,6,1888.08,2638,1,4,3,143,At Risk
1902,2018-12-25,22,1398.39,2638,1,1,3,113,Lost / Inactive
1854,2018-12-25,17,2617.89,2638,1,1,2,112,Lost / Inactive
1638,2018-12-25,19,2370.33,2638,1,1,2,112,Lost / Inactive
1958,2018-12-25,7,309.29,2638,1,4,4,144,At Risk
1671,2018-12-24,11,5979.09,2639,1,3,1,131,At Risk
1981,2018-12-24,22,3202.16,2639,1,1,2,112,Lost / Inactive
2102,2018-12-24,15,2575.87,2639,1,2,2,122,Lost / Inactive
1704,2018-12-24,13,4805.35,2639,1,2,1,121,Lost / Inactive
1754,2018-12-24,10,938.86,2639,1,3,4,134,At Risk
2301,2018-12-24,15,8241.74,2639,1,2,1,121,Lost / Inactive
1898,2018-12-24,7,1571.52,2639,1,4,3,143,At Risk
1904,2018-12-24,14,2214.99,2639,1,2,2,122,Lost / Inactive
2068,2018-12-24,9,6608.45,2639,1,3,1,131,At Risk
2143,2018-12-24,18,2537.69,2639,1,1,2,112,Lost / Inactive
2230,2018-12-24,11,3690.28,2639,1,3,1,131,At Risk
2049,2018-12-23,15,3640.25,2640,1,2,2,122,Lost / Inactive
2338,2018-12-23,12,1758.3,2640,1,2,3,123,Lost / Inactive
2111,2018-12-23,15,2456.64,2640,1,2,2,122,Lost / Inactive
1634,2018-12-23,14,4355.15,2640,1,2,1,121,Lost / Inactive
1800,2018-12-23,8,1687.03,2640,1,3,3,133,At Risk
1667,2018-12-23,16,1791.62,2640,1,1,3,113,Lost / Inactive
2261,2018-12-23,9,2518.11,2640,1,3,2,132,At Risk
2263,2018-12-22,9,3233.48,2641,1,3,2,132,At Risk
1774,2018-12-22,16,3635.59,2641,1,1,2,112,Lost / Inactive
2083,2018-12-22,7,1475.14,2641,1,4,3,143,At Risk
2278,2018-12-22,12,1214.95,2641,1,2,3,123,Lost / Inactive
2028,2018-12-22,7,1661.61,2641,1,4,3,143,At Risk
2330,2018-12-22,9,660.97,2641,1,3,4,134,At Risk
1652,2018-12-22,11,3406.58,2641,1,3,2,132,At Risk
2074,2018-12-22,12,864.95,2641,1,2,4,124,Lost / Inactive
1672,2018-12-22,5,883.41,2641,1,4,4,144,At Risk
1823,2018-12-22,16,4454.06,2641,1,1,1,111,Lost / Inactive
1633,2018-12-21,23,4715.47,2642,1,1,1,111,Lost / Inactive
1594,2018-12-21,25,8646.93,2642,1,1,1,111,Lost / Inactive
2018,2018-12-21,13,3104.44,2642,1,2,2,122,Lost / Inactive
1926,2018-12-21,19,12209.44,2642,1,1,1,111,Lost / Inactive
2040,2018-12-21,12,6720.44,2642,1,2,1,121,Lost / Inactive
1789,2018-12-21,17,1459.34,2642,1,1,3,113,Lost / Inactive
1790,2018-12-21,21,2332.57,2642,1,1,2,112,Lost / Inactive
2218,2018-12-21,5,582.65,2642,1,4,4,144,At Risk
1745,2018-12-20,19,4802.39,2643,1,1,1,111,Lost / Inactive
1670,2018-12-20,5,797.83,2643,1,4,4,144,At Risk
2287,2018-12-19,14,2243.28,2644,1,2,2,122,Lost / Inactive
2136,2018-12-19,9,5527.85,2644,1,3,1,131,At Risk
2372,2018-12-18,8,755.46,2645,1,4,4,144,At Risk
1741,2018-12-18,22,4793.53,2645,1,1,1,111,Lost / Inactive
2030,2018-12-18,16,2475.16,2645,1,1,2,112,Lost / Inactive
2086,2018-12-18,14,5364.8,2645,1,2,1,121,Lost / Inactive
1799,2018-12-18,31,5478.06,2645,1,1,1,111,Lost / Inactive
2138,2018-12-18,10,1155.21,2645,1,3,3,133,At Risk
1851,2018-12-18,8,3356.4,2645,1,4,2,142,At Risk
2279,2018-12-18,11,1744.7,2645,1,3,3,133,At Risk
2252,2018-12-17,11,847.95,2646,1,3,4,134,At Risk
1834,2018-12-17,16,3831.87,2646,1,1,1,111,Lost / Inactive
1682,2018-12-17,19,2633.57,2646,1,1,2,112,Lost / Inactive
1954,2018-12-17,5,940.59,2646,1,4,4,144,At Risk
1706,2018-12-17,11,1421.96,2646,1,3,3,133,At Risk
2069,2018-12-17,18,4375.79,2646,1,1,1,111,Lost / Inactive
2260,2018-12-17,16,4716.3,2646,1,1,1,111,Lost / Inactive
1826,2018-12-16,7,264.87,2647,1,4,4,144,At Risk
1953,2018-12-16,19,2260.95,2647,1,1,2,112,Lost / Inactive
2259,2018-12-16,10,497.02,2647,1,3,4,134,At Risk
1866,2018-12-16,16,1137.61,2647,1,1,3,113,Lost / Inactive
2071,2018-12-15,8,239.49,2648,1,3,4,134,At Risk
1751,2018-12-15,21,1324.03,2648,1,1,3,113,Lost / Inactive
2317,2018-12-15,9,453.54,2648,1,3,4,134,At Risk
2073,2018-12-14,18,4757.34,2649,1,1,1,111,Lost / Inactive
1713,2018-12-14,22,5016.47,2649,1,1,1,111,Lost / Inactive
1649,2018-12-14,23,7663.13,2649,1,1,1,111,Lost / Inactive
1659,2018-12-14,10,4151.51,2649,1,3,1,131,At Risk
1626,2018-12-14,12,3078.63,2649,1,2,2,122,Lost / Inactive
1995,2018-12-14,27,5907.97,2649,1,1,1,111,Lost / Inactive
2183,2018-12-13,14,5341.9,2650,1,2,1,121,Lost / Inactive
1749,2018-12-13,20,2442.05,2650,1,1,2,112,Lost / Inactive
1827,2018-12-11,17,1972.61,2652,1,1,3,113,Lost / Inactive
2376,2018-12-11,3,22.33,2652,1,4,4,144,At Risk
1747,2018-12-11,11,1734.58,2652,1,3,3,133,At Risk
2212,2018-12-11,4,615.93,2652,1,4,4,144,At Risk
2176,2018-12-11,23,3318.49,2652,1,1,2,112,Lost / Inactive
1798,2018-12-11,15,1056.39,2652,1,2,4,124,Lost / Inactive
1742,2018-12-11,8,3214.24,2652,1,4,2,142,At Risk
2058,2018-12-11,15,2224.1,2652,1,2,2,122,Lost / Inactive
1588,2018-12-11,9,1119.48,2652,1,3,3,133,At Risk
1647,2018-12-10,22,2988.65,2653,1,1,2,112,Lost / Inactive
2163,2018-12-10,35,6129.71,2653,1,1,1,111,Lost / Inactive
2004,2018-12-10,21,3670.27,2653,1,1,1,111,Lost / Inactive
2298,2018-12-10,18,2595.38,2653,1,1,2,112,Lost / Inactive
1653,2018-12-10,18,2584.17,2653,1,1,2,112,Lost / Inactive
2124,2018-12-10,20,3196.75,2653,1,1,2,112,Lost / Inactive
2084,2018-12-10,8,649.37,2653,1,4,4,144,At Risk
1655,2018-12-10,7,2697.25,2653,1,4,2,142,At Risk
2325,2018-12-09,5,738.5,2654,1,4,4,144,At Risk
1839,2018-12-09,33,9576.36,2654,1,1,1,111,Lost / Inactive
2329,2018-12-09,20,1419.74,2654,1,1,3,113,Lost / Inactive
1684,2018-12-09,9,1469.45,2654,1,3,3,133,At Risk
1988,2018-12-09,8,1166.07,2654,1,4,3,143,At Risk
2107,2018-12-09,19,2533.16,2654,1,1,2,112,Lost / Inactive
1610,2018-12-09,15,2295.32,2654,1,2,2,122,Lost / Inactive
2147,2018-12-09,15,5420.52,2654,1,2,1,121,Lost / Inactive
2047,2018-12-09,27,3256.48,2654,1,1,2,112,Lost / Inactive
2213,2018-12-09,12,2171.61,2654,1,2,3,123,Lost / Inactive
1714,2018-12-08,13,4260.78,2655,1,2,1,121,Lost / Inactive
1698,2018-12-08,17,1458.25,2655,1,1,3,113,Lost / Inactive
1870,2018-12-08,9,1832.02,2655,1,3,3,133,At Risk
1755,2018-12-08,20,5229.7,2655,1,1,1,111,Lost / Inactive
2251,2018-12-08,13,4074.47,2655,1,2,1,121,Lost / Inactive
1664,2018-12-08,15,6320.75,2655,1,2,1,121,Lost / Inactive
1781,2018-12-08,11,1136.59,2655,1,3,3,133,At Risk
1753,2018-12-08,16,3930.52,2655,1,2,1,121,Lost / Inactive
1590,2018-12-07,24,6255.34,2656,1,1,1,111,Lost / Inactive
2015,2018-12-07,17,3247.65,2656,1,1,2,112,Lost / Inactive
1716,2018-12-07,15,2180.7,2656,1,2,3,123,Lost / Inactive
1877,2018-12-07,7,1174.62,2656,1,4,3,143,At Risk
1690,2018-12-07,20,2881.8,2656,1,1,2,112,Lost / Inactive
1811,2018-12-07,14,4046.75,2656,1,2,1,121,Lost / Inactive
1859,2018-12-06,6,265.31,2657,1,4,4,144,At Risk
1849,2018-12-05,9,528.53,2658,1,3,4,134,At Risk
1816,2018-12-05,22,3036.53,2658,1,1,2,112,Lost / Inactive
1856,2018-12-05,14,1113.85,2658,1,2,3,123,Lost / Inactive
2170,2018-12-05,10,740.36,2658,1,3,4,134,At Risk
1855,2018-12-05,21,5529.62,2658,1,1,1,111,Lost / Inactive
2156,2018-12-05,6,272.95,2658,1,4,4,144,At Risk
2003,2018-12-05,20,4464.87,2658,1,1,1,111,Lost / Inactive
2012,2018-12-05,13,6108.34,2658,1,2,1,121,Lost / Inactive
1686,2018-12-04,11,855.12,2659,1,3,4,134,At Risk
2145,2018-12-04,12,1949.21,2659,1,2,3,123,Lost / Inactive
1985,2018-12-04,3,329.87,2659,1,4,4,144,At Risk
2309,2018-12-04,12,1453.28,2659,1,2,3,123,Lost / Inactive
1822,2018-12-04,16,5142.89,2659,1,1,1,111,Lost / Inactive
1967,2018-12-04,7,2533.32,2659,1,4,2,142,At Risk
2357,2018-12-04,11,1267.32,2659,1,3,3,133,At Risk
1881,2018-12-04,28,2754.22,2659,1,1,2,112,Lost / Inactive
2184,2018-12-03,15,1560.03,2660,1,2,3,123,Lost / Inactive
1729,2018-12-03,4,113.84,2660,1,4,4,144,At Risk
1635,2018-12-03,30,2580.71,2660,1,1,2,112,Lost / Inactive
2014,2018-12-03,6,550.64,2660,1,4,4,144,At Risk
2062,2018-12-03,8,5890.51,2660,1,3,1,131,At Risk
2017,2018-12-03,11,1303.89,2660,1,3,3,133,At Risk
2031,2018-12-03,18,4326.14,2660,1,1,1,111,Lost / Inactive
2233,2018-12-03,16,4266.81,2660,1,2,1,121,Lost / Inactive
2130,2018-12-02,9,2189.02,2661,1,3,3,133,At Risk
1614,2018-12-02,28,4909.47,2661,1,1,1,111,Lost / Inactive
2354,2018-12-02,12,2798.96,2661,1,2,2,122,Lost / Inactive
1837,2018-12-02,13,1908.45,2661,1,2,3,123,Lost / Inactive
1736,2018-12-02,17,2302.36,2661,1,1,2,112,Lost / Inactive
2135,2018-12-02,25,3255.3,2661,1,1,2,112,Lost / Inactive
1607,2018-12-02,20,4657.93,2661,1,1,1,111,Lost / Inactive
1674,2018-12-02,12,814.01,2661,1,2,4,124,Lost / Inactive
2146,2018-12-02,18,2516.49,2661,1,1,2,112,Lost / Inactive
1687,2018-12-02,18,6134.04,2661,1,1,1,111,Lost / Inactive
2119,2018-12-02,14,2055.35,2661,1,2,3,123,Lost / Inactive
2352,2018-12-02,9,3747.66,2661,1,3,1,131,At Risk
2097,2018-12-02,13,3887.82,2661,1,2,1,121,Lost / Inactive
1766,2018-12-02,20,6765.73,2661,1,1,1,111,Lost / Inactive
1685,2018-12-01,14,7954.99,2662,1,2,1,121,Lost / Inactive
1964,2018-12-01,14,3785.28,2662,1,2,1,121,Lost / Inactive
1589,2018-12-01,15,2602.58,2662,1,2,2,122,Lost / Inactive
1644,2018-12-01,12,6106.88,2662,1,2,1,121,Lost / Inactive
1818,2018-12-01,13,3254.48,2662,1,2,2,122,Lost / Inactive
1840,2018-12-01,10,3650.47,2662,1,3,2,132,At Risk
2282,2018-12-01,10,1341.04,2662,1,3,3,133,At Risk
1786,2018-12-01,13,2254.29,2662,1,2,2,122,Lost / Inactive
2116,2018-12-01,13,2071.91,2662,1,2,3,123,Lost / Inactive
1651,2018-12-01,24,2465.68,2662,1,1,2,112,Lost / Inactive
1700,2018-12-01,14,2269.69,2662,1,2,2,122,Lost / Inactive
1593,2018-11-30,10,1990.31,2663,1,3,3,133,At Risk
2205,2018-11-30,20,5992.53,2663,1,1,1,111,Lost / Inactive
1630,2018-11-30,13,1467.16,2663,1,2,3,123,Lost / Inactive
1936,2018-11-30,7,1966.65,2663,1,4,3,143,At Risk
2164,2018-11-30,15,2797.68,2663,1,2,2,122,Lost / Inactive
2182,2018-11-30,6,593.61,2663,2,4,4,244,At Risk
2148,2018-11-30,5,279.25,2663,2,4,4,244,At Risk
1750,2018-11-30,5,993.9,2663,2,4,4,244,At Risk
1661,2018-11-29,14,4915.59,2664,2,2,1,221,Lost / Inactive
1962,2018-11-28,8,3195.82,2665,2,4,2,242,At Risk
1889,2018-11-28,8,3621.38,2665,2,3,2,232,At Risk
1763,2018-11-28,18,5633.31,2665,2,1,1,211,Lost / Inactive
1848,2018-11-27,25,5153.06,2666,2,1,1,211,Lost / Inactive
1939,2018-11-27,11,3230.3,2666,2,3,2,232,At Risk
1727,2018-11-27,11,1989.05,2666,2,3,3,233,At Risk
1922,2018-11-27,10,2201.69,2666,2,3,3,233,At Risk
1804,2018-11-27,19,5718.53,2666,2,1,1,211,Lost / Inactive
1899,2018-11-27,29,7294.18,2666,2,1,1,211,Lost / Inactive
1886,2018-11-26,14,2936.26,2667,2,2,2,222,Lost / Inactive
2025,2018-11-26,10,2477.94,2667,2,3,2,232,At Risk
2022,2018-11-26,11,1383.13,2667,2,3,3,233,At Risk
1737,2018-11-26,7,226.43,2667,2,4,4,244,At Risk
1788,2018-11-26,12,1008.14,2667,2,2,4,224,Lost / Inactive
2153,2018-11-26,12,2540.63,2667,2,2,2,222,Lost / Inactive
1927,2018-11-26,20,3250.35,2667,2,1,2,212,Lost / Inactive
1943,2018-11-25,9,1707.28,2668,2,3,3,233,At Risk
2081,2018-11-25,20,3236.32,2668,2,1,2,212,Lost / Inactive
2108,2018-11-25,6,886.52,2668,2,4,4,244,At Risk
1801,2018-11-25,10,4411.25,2668,2,3,1,231,At Risk
1616,2018-11-25,10,2454.93,2668,2,3,2,232,At Risk
1784,2018-11-25,12,3815.47,2668,2,2,1,221,Lost / Inactive
2036,2018-11-25,20,3625.34,2668,2,1,2,212,Lost / Inactive
2137,2018-11-24,8,1204.91,2669,2,3,3,233,At Risk
1805,2018-11-24,29,11820.12,2669,2,1,1,211,Lost / Inactive
1897,2018-11-24,26,3086.9,2669,2,1,2,212,Lost / Inactive
1673,2018-11-24,20,3736.2,2669,2,1,1,211,Lost / Inactive
2064,2018-11-24,15,11891.75,2669,2,2,1,221,Lost / Inactive
1863,2018-11-24,14,4159.77,2669,2,2,1,221,Lost / Inactive
2288,2018-11-24,12,1840.18,2669,2,2,3,223,Lost / Inactive
2154,2018-11-24,11,1519.51,2669,2,2,3,223,Lost / Inactive
2051,2018-11-24,10,1875.0,2669,2,3,3,233,At Risk
1997,2018-11-24,8,1874.18,2669,2,3,3,233,At Risk
1730,2018-11-23,16,1434.56,2670,2,2,3,223,Lost / Inactive
1612,2018-11-23,13,1804.14,2670,2,2,3,223,Lost / Inactive
2274,2018-11-23,15,1669.13,2670,2,2,3,223,Lost / Inactive
1982,2018-11-23,21,4256.28,2670,2,1,1,211,Lost / Inactive
2006,2018-11-23,18,3336.17,2670,2,1,2,212,Lost / Inactive
1636,2018-11-23,19,3159.11,2670,2,1,2,212,Lost / Inactive
1787,2018-11-23,10,8954.01,2670,2,3,1,231,At Risk
1970,2018-11-22,15,2678.43,2671,2,2,2,222,Lost / Inactive
2280,2018-11-21,13,1659.45,2672,2,2,3,223,Lost / Inactive
2133,2018-11-21,6,1181.49,2672,2,4,3,243,At Risk
2188,2018-11-21,13,1220.1,2672,2,2,3,223,Lost / Inactive
1824,2018-11-21,32,3154.83,2672,2,1,2,212,Lost / Inactive
2180,2018-11-21,10,1333.89,2672,2,3,3,233,At Risk
1808,2018-11-20,9,756.6,2673,2,3,4,234,At Risk
1924,2018-11-20,15,4624.57,2673,2,2,1,221,Lost / Inactive
2129,2018-11-20,18,3312.87,2673,2,1,2,212,Lost / Inactive
1890,2018-11-20,9,2033.97,2673,2,3,3,233,At Risk
1888,2018-11-20,8,3510.46,2673,2,4,2,242,At Risk
1986,2018-11-19,10,545.93,2674,2,3,4,234,At Risk
2085,2018-11-19,19,2218.99,2674,2,1,2,212,Lost / Inactive
1605,2018-11-19,14,4492.94,2674,2,2,1,221,Lost / Inactive
1803,2018-11-19,3,58.82,2674,2,4,4,244,At Risk
2166,2018-11-19,13,1864.14,2674,2,2,3,223,Lost / Inactive
1838,2018-11-19,17,8828.04,2674,2,1,1,211,Lost / Inactive
1631,2018-11-19,10,1888.96,2674,2,3,3,233,At Risk
2307,2018-11-19,14,2218.99,2674,2,2,2,222,Lost / Inactive
2079,2018-11-19,12,966.71,2674,2,2,4,224,Lost / Inactive
2319,2018-11-19,9,269.53,2674,2,3,4,234,At Risk
1688,2018-11-19,9,959.48,2674,2,3,4,234,At Risk
1621,2018-11-19,21,4492.68,2674,2,1,1,211,Lost / Inactive
2165,2018-11-19,16,2052.91,2674,2,1,3,213,Lost / Inactive
2042,2018-11-19,20,14473.57,2674,2,1,1,211,Lost / Inactive
2099,2018-11-18,13,1205.58,2675,2,2,3,223,Lost / Inactive
2296,2018-11-18,10,970.95,2675,2,3,4,234,At Risk
2065,2018-11-18,14,7721.71,2675,2,2,1,221,Lost / Inactive
1641,2018-11-18,13,2650.55,2675,2,2,2,222,Lost / Inactive
2054,2018-11-18,22,10663.73,2675,2,1,1,211,Lost / Inactive
1627,2018-11-18,9,990.2,2675,2,3,4,234,At Risk
1642,2018-11-17,24,2223.99,2676,2,1,2,212,Lost / Inactive
2253,2018-11-17,11,12129.08,2676,2,3,1,231,At Risk
1919,2018-11-17,11,12873.3,2676,2,3,1,231,At Risk
1777,2018-11-17,28,2374.66,2676,2,1,2,212,Lost / Inactive
2264,2018-11-17,7,644.12,2676,2,4,4,244,At Risk
1829,2018-11-17,25,2372.75,2676,2,1,2,212,Lost / Inactive
1947,2018-11-16,3,5253.88,2677,2,4,1,241,At Risk
1858,2018-11-16,16,2136.45,2677,2,1,3,213,Lost / Inactive
2056,2018-11-16,10,1428.24,2677,2,3,3,233,At Risk
2322,2018-11-16,4,1303.48,2677,2,4,3,243,At Risk
2316,2018-11-15,15,4282.16,2678,2,2,1,221,Lost / Inactive
2172,2018-11-14,16,2852.95,2679,2,1,2,212,Lost / Inactive
2142,2018-11-14,22,8697.86,2679,2,1,1,211,Lost / Inactive
2050,2018-11-14,13,3454.91,2679,2,2,2,222,Lost / Inactive
1994,2018-11-13,24,5440.32,2680,2,1,1,211,Lost / Inactive
1677,2018-11-13,22,5730.68,2680,2,1,1,211,Lost / Inactive
1694,2018-11-13,29,14175.23,2680,2,1,1,211,Lost / Inactive
1778,2018-11-13,6,228.99,2680,2,4,4,244,At Risk
1702,2018-11-13,17,8057.89,2680,2,1,1,211,Lost / Inactive
2257,2018-11-12,21,4588.44,2681,2,1,1,211,Lost / Inactive
1693,2018-11-12,14,2973.09,2681,2,2,2,222,Lost / Inactive
2032,2018-11-12,3,50.19,2681,2,4,4,244,At Risk
1746,2018-11-12,9,1395.94,2681,2,3,3,233,At Risk
1830,2018-11-12,16,1869.57,2681,2,1,3,213,Lost / Inactive
2118,2018-11-12,20,7754.97,2681,2,1,1,211,Lost / Inactive
1832,2018-11-12,17,3336.53,2681,2,1,2,212,Lost / Inactive
1724,2018-11-12,13,2501.69,2681,2,2,2,222,Lost / Inactive
1680,2018-11-12,19,1548.71,2681,2,1,3,213,Lost / Inactive
1769,2018-11-12,12,3644.97,2681,2,2,2,222,Lost / Inactive
1732,2018-11-11,17,3173.87,2682,2,1,2,212,Lost / Inactive
1931,2018-11-11,9,904.48,2682,2,3,4,234,At Risk
1950,2018-11-11,10,2890.14,2682,2,3,2,232,At Risk
2246,2018-11-11,10,2984.95,2682,2,3,2,232,At Risk
1940,2018-11-11,4,816.17,2682,2,4,4,244,At Risk
2247,2018-11-10,13,8350.87,2683,2,2,1,221,Lost / Inactive
2072,2018-11-10,10,4172.84,2683,2,3,1,231,At Risk
2035,2018-11-10,8,1515.86,2683,2,3,3,233,At Risk
2152,2018-11-09,17,2426.07,2684,2,1,2,212,Lost / Inactive
1914,2018-11-09,7,4115.66,2684,2,4,1,241,At Risk
1619,2018-11-09,23,6760.81,2684,2,1,1,211,Lost / Inactive
2221,2018-11-08,8,2171.97,2685,2,3,3,233,At Risk
2076,2018-11-07,13,4655.9,2686,2,2,1,221,Lost / Inactive
2272,2018-11-07,7,461.91,2686,2,4,4,244,At Risk
2122,2018-11-06,16,4198.32,2687,2,2,1,221,Lost / Inactive
1678,2018-11-06,12,2454.87,2687,2,2,2,222,Lost / Inactive
1733,2018-11-06,10,2005.59,2687,2,3,3,233,At Risk
1629,2018-11-06,7,2067.45,2687,2,4,3,243,At Risk
1731,2018-11-06,18,7755.63,2687,2,1,1,211,Lost / Inactive
2255,2018-11-06,10,785.62,2687,2,3,4,234,At Risk
1820,2018-11-06,31,8025.7,2687,2,1,1,211,Lost / Inactive
2289,2018-11-06,9,2095.06,2687,2,3,3,233,At Risk
1850,2018-11-06,6,639.76,2687,2,4,4,244,At Risk
2173,2018-11-06,14,2885.27,2687,2,2,2,222,Lost / Inactive
1646,2018-11-05,11,2820.42,2688,2,3,2,232,At Risk
1606,2018-11-05,13,3546.23,2688,2,2,2,222,Lost / Inactive
1711,2018-11-05,8,1587.45,2688,2,3,3,233,At Risk
2318,2018-11-05,18,5086.94,2688,2,1,1,211,Lost / Inactive
2192,2018-11-05,16,2339.6,2688,2,1,2,212,Lost / Inactive
2041,2018-11-04,20,5620.18,2689,2,1,1,211,Lost / Inactive
1831,2018-11-04,16,2638.33,2689,2,1,2,212,Lost / Inactive
1852,2018-11-04,6,9351.2,2689,2,4,1,241,At Risk
2248,2018-11-03,20,6345.09,2690,2,1,1,211,Lost / Inactive
2254,2018-11-03,4,791.99,2690,2,4,4,244,At Risk
1938,2018-11-03,14,3272.2,2690,2,2,2,222,Lost / Inactive
1874,2018-11-03,5,688.33,2690,2,4,4,244,At Risk
2202,2018-11-03,6,2148.85,2690,2,4,3,243,At Risk
2283,2018-11-03,7,1006.35,2690,2,4,4,244,At Risk
1756,2018-11-03,7,1146.05,2690,2,4,3,243,At Risk
2292,2018-11-03,13,3254.95,2690,2,2,2,222,Lost / Inactive
2245,2018-11-03,8,585.02,2690,2,4,4,244,At Risk
1999,2018-11-03,8,2656.69,2690,2,3,2,232,At Risk
1625,2018-11-03,17,1987.15,2690,2,1,3,213,Lost / Inactive
1623,2018-11-03,9,858.57,2690,2,3,4,234,At Risk
2181,2018-11-03,19,2833.92,2690,2,1,2,212,Lost / Inactive
1762,2018-11-02,17,3918.96,2691,2,1,1,211,Lost / Inactive
2060,2018-11-02,9,5690.07,2691,2,3,1,231,At Risk
2231,2018-11-02,10,1418.08,2691,2,3,3,233,At Risk
2120,2018-11-02,11,3589.29,2691,2,2,2,222,Lost / Inactive
1660,2018-11-02,10,3908.4,2691,2,3,1,231,At Risk
1842,2018-11-02,13,4523.33,2691,2,2,1,221,Lost / Inactive
2351,2018-11-02,9,2942.78,2691,2,3,2,232,At Risk
1814,2018-11-01,15,3422.78,2692,2,2,2,222,Lost / Inactive
1598,2018-11-01,9,763.54,2692,2,3,4,234,At Risk
2158,2018-10-31,16,1735.53,2693,2,1,3,213,Lost / Inactive
1975,2018-10-31,10,2004.08,2693,2,3,3,233,At Risk
1949,2018-10-30,9,1686.93,2694,2,3,3,233,At Risk
2187,2018-10-30,12,3760.03,2694,2,2,1,221,Lost / Inactive
2110,2018-10-30,12,4262.29,2694,2,2,1,221,Lost / Inactive
2101,2018-10-30,19,2749.87,2694,2,1,2,212,Lost / Inactive
1921,2018-10-29,20,1568.44,2695,2,1,3,213,Lost / Inactive
1780,2018-10-28,21,4767.34,2696,2,1,1,211,Lost / Inactive
1656,2018-10-27,12,5278.82,2697,2,2,1,221,Lost / Inactive
1602,2018-10-27,34,4299.16,2697,2,1,1,211,Lost / Inactive
2027,2018-10-26,18,2239.61,2698,2,1,2,212,Lost / Inactive
2269,2018-10-26,8,1585.17,2698,2,3,3,233,At Risk
1807,2018-10-26,10,3818.62,2698,2,3,1,231,At Risk
2002,2018-10-23,1,863.88,2701,2,4,4,244,At Risk
2300,2018-10-23,6,1008.2,2701,2,4,4,244,At Risk
2225,2018-10-22,10,14595.62,2702,2,3,1,231,At Risk
1966,2018-10-22,8,1538.12,2702,2,3,3,233,At Risk
2043,2018-10-22,10,2163.32,2702,2,3,3,233,At Risk
2281,2018-10-22,9,1080.76,2702,2,3,4,234,At Risk
1615,2018-10-22,13,1278.65,2702,2,2,3,223,Lost / Inactive
2091,2018-10-22,20,2722.84,2702,2,1,2,212,Lost / Inactive
2314,2018-10-21,14,3990.67,2703,2,2,1,221,Lost / Inactive
1793,2018-10-21,2,729.65,2703,2,4,4,244,At Risk
2350,2018-10-21,14,3418.74,2703,2,2,2,222,Lost / Inactive
1946,2018-10-21,8,3046.53,2703,2,3,2,232,At Risk
1658,2018-10-21,11,572.05,2703,2,3,4,234,At Risk
2088,2018-10-20,19,3601.88,2704,2,1,2,212,Lost / Inactive
2277,2018-10-20,6,158.47,2704,2,4,4,244,At Risk
2077,2018-10-20,7,744.57,2704,2,4,4,244,At Risk
1759,2018-10-19,20,3983.65,2705,2,1,1,211,Lost / Inactive
2089,2018-10-19,15,4272.94,2705,2,2,1,221,Lost / Inactive
1861,2018-10-19,13,4234.1,2705,2,2,1,221,Lost / Inactive
1960,2018-10-19,5,922.49,2705,2,4,4,244,At Risk
2098,2018-10-19,6,218.67,2705,2,4,4,244,At Risk
1782,2018-10-17,5,629.25,2707,2,4,4,244,At Risk
1879,2018-10-17,21,2888.5,2707,2,1,2,212,Lost / Inactive
2365,2018-10-16,14,3360.54,2708,2,2,2,222,Lost / Inactive
1908,2018-10-16,15,4867.34,2708,2,2,1,221,Lost / Inactive
2078,2018-10-16,2,130.83,2708,2,4,4,244,At Risk
2276,2018-10-16,17,2819.46,2708,2,1,2,212,Lost / Inactive
2045,2018-10-15,6,1271.09,2709,3,4,3,343,Champions
2189,2018-10-15,9,3221.29,2709,3,3,2,332,Loyal Customers
1980,2018-10-15,12,3539.32,2709,3,2,2,322,Loyal Customers
2094,2018-10-15,13,2725.98,2709,3,2,2,322,Loyal Customers
1913,2018-10-14,5,170.59,2710,3,4,4,344,Champions
1917,2018-10-14,2,124.28,2710,3,4,4,344,Champions
1905,2018-10-14,16,659.15,2710,3,2,4,324,Loyal Customers
1709,2018-10-13,14,1419.25,2711,3,2,3,323,Loyal Customers
1844,2018-10-13,6,1600.55,2711,3,4,3,343,Champions
1604,2018-10-12,19,3127.97,2712,3,1,2,312,Potential Loyalists
1942,2018-10-12,15,3495.64,2712,3,2,2,322,Loyal Customers
2201,2018-10-12,4,742.08,2712,3,4,4,344,Champions
1720,2018-10-12,24,4282.92,2712,3,1,1,311,Potential Loyalists
2185,2018-10-12,15,25043.07,2712,3,2,1,321,Loyal Customers
1760,2018-10-12,13,8080.47,2712,3,2,1,321,Loyal Customers
2160,2018-10-10,10,1085.06,2714,3,3,3,333,Champions
2019,2018-10-09,7,1186.33,2715,3,4,3,343,Champions
2021,2018-10-09,14,5402.25,2715,3,2,1,321,Loyal Customers
1903,2018-10-09,14,1582.11,2715,3,2,3,323,Loyal Customers
1893,2018-10-08,11,3582.82,2716,3,3,2,332,Loyal Customers
2358,2018-10-08,7,983.42,2716,3,4,4,344,Champions
1887,2018-10-07,19,4769.91,2717,3,1,1,311,Potential Loyalists
1794,2018-10-07,8,3061.54,2717,3,4,2,342,Loyal Customers
2243,2018-10-07,29,7198.77,2717,3,1,1,311,Potential Loyalists
1712,2018-10-06,20,2488.33,2718,3,1,2,312,Potential Loyalists
1739,2018-10-06,12,775.41,2718,3,2,4,324,Loyal Customers
2323,2018-10-06,7,1397.88,2718,3,4,3,343,Champions
1872,2018-10-05,10,1056.85,2719,3,3,4,334,Champions
2016,2018-10-03,15,2238.06,2721,3,2,2,322,Loyal Customers
2029,2018-10-03,10,3050.69,2721,3,3,2,332,Loyal Customers
1925,2018-10-02,16,3279.75,2722,3,1,2,312,Potential Loyalists
1868,2018-10-02,14,2576.4,2722,3,2,2,322,Loyal Customers
1978,2018-10-02,13,2876.05,2722,3,2,2,322,Loyal Customers
2256,2018-10-02,11,1697.87,2722,3,3,3,333,Champions
1875,2018-10-02,14,2341.3,2722,3,2,2,322,Loyal Customers
1812,2018-10-01,7,964.45,2723,3,4,4,344,Champions
1771,2018-10-01,12,3130.23,2723,3,2,2,322,Loyal Customers
1991,2018-09-30,10,2684.5,2724,3,3,2,332,Loyal Customers
2128,2018-09-30,13,599.79,2724,3,2,4,324,Loyal Customers
2275,2018-09-30,8,1278.96,2724,3,3,3,333,Champions
2210,2018-09-29,6,799.8,2725,3,4,4,344,Champions
1944,2018-09-29,12,833.41,2725,3,2,4,324,Loyal Customers
1937,2018-09-29,24,6491.03,2725,3,1,1,311,Potential Loyalists
1654,2018-09-29,10,2350.2,2725,3,3,2,332,Loyal Customers
1710,2018-09-29,11,1934.27,2725,3,3,3,333,Champions
2132,2018-09-29,6,1256.95,2725,3,4,3,343,Champions
1871,2018-09-28,19,1762.21,2726,3,1,3,313,Potential Loyalists
1819,2018-09-28,10,1526.5,2726,3,3,3,333,Champions
1906,2018-09-26,24,3949.65,2728,3,1,1,311,Potential Loyalists
1734,2018-09-25,10,4416.52,2729,3,3,1,331,Loyal Customers
1768,2018-09-25,18,15117.35,2729,3,1,1,311,Potential Loyalists
2151,2018-09-25,18,3241.9,2729,3,1,2,312,Potential Loyalists
1738,2018-09-25,21,4510.79,2729,3,1,1,311,Potential Loyalists
2249,2018-09-25,10,3789.72,2729,3,3,1,331,Loyal Customers
2211,2018-09-25,14,1010.25,2729,3,2,4,324,Loyal Customers
2039,2018-09-24,34,7252.61,2730,3,1,1,311,Potential Loyalists
2167,2018-09-24,18,10604.26,2730,3,1,1,311,Potential Loyalists
1722,2018-09-24,17,2984.05,2730,3,1,2,312,Potential Loyalists
1792,2018-09-24,15,2783.19,2730,3,2,2,322,Loyal Customers
1752,2018-09-24,15,3489.06,2730,3,2,2,322,Loyal Customers
1697,2018-09-24,5,3908.27,2730,3,4,1,341,Loyal Customers
1758,2018-09-24,11,1456.95,2730,3,3,3,333,Champions
2235,2018-09-23,5,2261.44,2731,3,4,2,342,Loyal Customers
1973,2018-09-23,9,344.08,2731,3,3,4,334,Champions
2194,2018-09-23,12,2003.01,2731,3,2,3,323,Loyal Customers
1773,2018-09-23,11,2203.78,2731,3,3,3,333,Champions
1862,2018-09-23,31,3323.55,2731,3,1,2,312,Potential Loyalists
2037,2018-09-22,13,776.39,2732,3,2,4,324,Loyal Customers
2193,2018-09-21,10,808.16,2733,3,3,4,334,Champions
1996,2018-09-21,13,4642.1,2733,3,2,1,321,Loyal Customers
2348,2018-09-21,3,162.23,2733,3,4,4,344,Champions
1599,2018-09-21,11,2767.22,2733,3,3,2,332,Loyal Customers
1884,2018-09-21,7,444.02,2733,3,4,4,344,Champions
1864,2018-09-20,32,11470.94,2734,3,1,1,311,Potential Loyalists
2242,2018-09-19,13,1707.71,2735,3,2,3,323,Loyal Customers
1928,2018-09-19,10,1733.45,2735,3,3,3,333,Champions
2199,2018-09-18,15,2819.03,2736,3,2,2,322,Loyal Customers
1637,2018-09-18,7,729.41,2736,3,4,4,344,Champions
2186,2018-09-17,10,5328.98,2737,3,3,1,331,Loyal Customers
1833,2018-09-17,11,1687.03,2737,3,3,3,333,Champions
2286,2018-09-16,8,923.88,2738,3,3,4,334,Champions
1869,2018-09-16,16,1911.84,2738,3,1,3,313,Potential Loyalists
1708,2018-09-16,8,744.33,2738,3,4,4,344,Champions
2075,2018-09-15,7,1262.01,2739,3,4,3,343,Champions
1817,2018-09-15,11,2471.65,2739,3,3,2,332,Loyal Customers
2008,2018-09-15,13,1255.68,2739,3,2,3,323,Loyal Customers
2366,2018-09-15,4,1038.26,2739,3,4,4,344,Champions
2106,2018-09-14,21,2181.48,2740,3,1,3,313,Potential Loyalists
2174,2018-09-14,14,3908.8,2740,3,2,1,321,Loyal Customers
1601,2018-09-14,20,4737.48,2740,3,1,1,311,Potential Loyalists
2198,2018-09-13,12,3118.9,2741,3,2,2,322,Loyal Customers
2209,2018-09-12,13,7625.07,2742,3,2,1,321,Loyal Customers
1640,2018-09-11,8,652.64,2743,3,4,4,344,Champions
2344,2018-09-11,12,3056.81,2743,3,2,2,322,Loyal Customers
1968,2018-09-10,15,1860.42,2744,3,2,3,323,Loyal Customers
2340,2018-09-10,5,1055.69,2744,3,4,4,344,Champions
2144,2018-09-09,11,385.43,2745,3,2,4,324,Loyal Customers
2057,2018-09-09,28,8181.24,2745,3,1,1,311,Potential Loyalists
1723,2018-09-09,14,6497.28,2745,3,2,1,321,Loyal Customers
1791,2018-09-09,18,2258.2,2745,3,1,2,312,Potential Loyalists
1900,2018-09-08,10,1041.04,2746,3,3,4,334,Champions
2273,2018-09-08,11,3071.14,2746,3,3,2,332,Loyal Customers
1815,2018-09-07,10,2074.67,2747,3,3,3,333,Champions
2005,2018-09-07,10,2206.12,2747,3,3,3,333,Champions
1959,2018-09-07,4,2745.89,2747,3,4,2,342,Loyal Customers
1796,2018-09-07,4,71.27,2747,3,4,4,344,Champions
1956,2018-09-07,8,200.95,2747,3,4,4,344,Champions
1963,2018-09-07,12,2031.48,2747,3,2,3,323,Loyal Customers
2265,2018-09-07,9,1322.03,2747,3,3,3,333,Champions
1663,2018-09-07,21,3133.92,2747,3,1,2,312,Potential Loyalists
2262,2018-09-05,7,1242.84,2749,3,4,3,343,Champions
1785,2018-09-04,15,2716.43,2750,3,2,2,322,Loyal Customers
1891,2018-09-04,15,4827.93,2750,3,2,1,321,Loyal Customers
2305,2018-09-04,8,380.69,2750,3,3,4,334,Champions
2066,2018-09-04,7,2152.35,2750,3,4,3,343,Champions
1847,2018-09-04,13,1022.21,2750,3,2,4,324,Loyal Customers
2270,2018-09-04,9,908.82,2750,3,3,4,334,Champions
2038,2018-09-04,17,2932.49,2750,3,1,2,312,Potential Loyalists
2207,2018-09-04,11,6049.96,2750,3,3,1,331,Loyal Customers
2223,2018-09-03,5,367.55,2751,3,4,4,344,Champions
1916,2018-09-02,8,1417.65,2752,3,3,3,333,Champions
2125,2018-09-02,10,2203.7,2752,3,3,3,333,Champions
1930,2018-09-02,8,1460.19,2752,3,3,3,333,Champions
1701,2018-09-02,6,755.6,2752,3,4,4,344,Champions
1613,2018-09-02,17,1451.37,2752,3,1,3,313,Potential Loyalists
1923,2018-09-02,9,4204.68,2752,3,3,1,331,Loyal Customers
1873,2018-09-01,15,964.63,2753,3,2,4,324,Loyal Customers
1865,2018-09-01,12,2945.32,2753,3,2,2,322,Loyal Customers
2046,2018-09-01,23,7397.4,2753,3,1,1,311,Potential Loyalists
1809,2018-09-01,17,3041.58,2753,3,1,2,312,Potential Loyalists
1806,2018-08-31,9,1829.9,2754,3,3,3,333,Champions
1810,2018-08-31,14,890.95,2754,3,2,4,324,Loyal Customers
1797,2018-08-31,24,6234.91,2754,3,1,1,311,Potential Loyalists
2061,2018-08-31,19,3144.67,2754,3,1,2,312,Potential Loyalists
1895,2018-08-31,17,4750.36,2754,3,1,1,311,Potential Loyalists
1740,2018-08-27,7,2236.12,2758,3,4,2,342,Loyal Customers
2048,2018-08-27,12,433.34,2758,3,2,4,324,Loyal Customers
1867,2018-08-27,6,639.18,2758,3,4,4,344,Champions
2294,2018-08-26,6,358.1,2759,3,4,4,344,Champions
1611,2018-08-26,15,897.52,2759,3,2,4,324,Loyal Customers
2236,2018-08-26,8,1254.64,2759,3,3,3,333,Champions
2333,2018-08-22,4,1094.68,2763,3,4,3,343,Champions
2285,2018-08-21,10,1673.89,2764,3,3,3,333,Champions
2343,2018-08-20,12,1879.3,2765,3,2,3,323,Loyal Customers
2200,2018-08-20,7,2567.0,2765,3,4,2,342,Loyal Customers
1744,2018-08-19,13,1300.03,2766,3,2,3,323,Loyal Customers
1894,2018-08-18,7,1677.53,2767,3,4,3,343,Champions
2112,2018-08-17,14,3484.91,2768,3,2,2,322,Loyal Customers
2140,2018-08-17,27,9940.37,2768,3,1,1,311,Potential Loyalists
2222,2018-08-15,12,2682.73,2770,3,2,2,322,Loyal Customers
2000,2018-08-14,13,7903.18,2771,3,2,1,321,Loyal Customers
2169,2018-08-10,14,5040.74,2775,3,2,1,321,Loyal Customers
1835,2018-08-07,14,2523.26,2778,3,2,2,322,Loyal Customers
2009,2018-08-06,13,834.33,2779,3,2,4,324,Loyal Customers
2241,2018-08-03,10,3797.23,2782,3,3,1,331,Loyal Customers
2141,2018-08-03,11,4371.96,2782,3,3,1,331,Loyal Customers
1662,2018-08-01,6,933.7,2784,3,4,4,344,Champions
1992,2018-08-01,3,287.43,2784,3,4,4,344,Champions
1683,2018-08-01,15,4877.8,2784,3,2,1,321,Loyal Customers
1845,2018-07-31,18,3082.64,2785,3,1,2,312,Potential Loyalists
1998,2018-07-31,11,3163.63,2785,3,3,2,332,Loyal Customers
1692,2018-07-31,22,2752.45,2785,3,1,2,312,Potential Loyalists
2284,2018-07-31,24,4985.68,2785,3,1,1,311,Potential Loyalists
2266,2018-07-30,11,1244.98,2786,3,3,3,333,Champions
1743,2018-07-29,26,8673.23,2787,3,1,1,311,Potential Loyalists
1951,2018-07-29,8,846.02,2787,3,3,4,334,Champions
2175,2018-07-28,6,1252.8,2788,3,4,3,343,Champions
2020,2018-07-26,5,2454.62,2790,3,4,2,342,Loyal Customers
2360,2018-07-25,4,366.83,2791,3,4,4,344,Champions
2134,2018-07-25,16,2772.06,2791,3,1,2,312,Potential Loyalists
1990,2018-07-24,14,5248.8,2792,3,2,1,321,Loyal Customers
2203,2018-07-23,12,1622.03,2793,3,2,3,323,Loyal Customers
1721,2018-07-23,14,6459.34,2793,3,2,1,321,Loyal Customers
1878,2018-07-23,14,5817.21,2793,3,2,1,321,Loyal Customers
1765,2018-07-23,18,4893.05,2793,3,1,1,311,Potential Loyalists
2105,2018-07-22,7,944.6,2794,3,4,4,344,Champions
2267,2018-07-21,6,1019.04,2795,3,4,4,344,Champions
2149,2018-07-21,22,5664.02,2795,3,1,1,311,Potential Loyalists
2104,2018-07-21,8,2835.56,2795,3,3,2,332,Loyal Customers
2337,2018-07-21,7,537.63,2795,3,4,4,344,Champions
2024,2018-07-17,14,914.53,2799,3,2,4,324,Loyal Customers
1882,2018-07-17,21,4501.39,2799,3,1,1,311,Potential Loyalists
2157,2018-07-15,6,1314.02,2801,3,4,3,343,Champions
2295,2018-07-13,9,2146.69,2803,3,3,3,333,Champions
2232,2018-07-13,10,3302.26,2803,3,3,2,332,Loyal Customers
2334,2018-07-11,7,2054.14,2805,3,4,3,343,Champions
2095,2018-07-11,22,7234.02,2805,3,1,1,311,Potential Loyalists
1961,2018-07-09,23,2857.75,2807,3,1,2,312,Potential Loyalists
2168,2018-07-09,8,528.92,2807,3,4,4,344,Champions
2092,2018-07-08,4,1058.11,2808,3,4,4,344,Champions
1909,2018-07-05,14,2845.27,2811,3,2,2,322,Loyal Customers
2244,2018-07-03,4,154.29,2813,3,4,4,344,Champions
1669,2018-07-03,12,4760.44,2813,3,2,1,321,Loyal Customers
1948,2018-07-03,18,2832.91,2813,3,1,2,312,Potential Loyalists
2214,2018-06-30,15,1427.05,2816,3,2,3,323,Loyal Customers
2127,2018-06-30,8,2893.46,2816,3,3,2,332,Loyal Customers
2082,2018-06-30,14,1884.8,2816,3,2,3,323,Loyal Customers
2299,2018-06-29,10,3889.36,2817,3,3,1,331,Loyal Customers
1984,2018-06-29,11,5563.56,2817,4,3,1,431,Loyal Customers
2258,2018-06-27,12,2453.29,2819,4,2,2,422,Loyal Customers
2178,2018-06-26,14,1711.69,2820,4,2,3,423,Loyal Customers
1643,2018-06-26,26,5226.2,2820,4,1,1,411,Potential Loyalists
2196,2018-06-26,18,3729.8,2820,4,1,1,411,Potential Loyalists
2353,2018-06-25,12,6411.0,2821,4,2,1,421,Loyal Customers
2224,2018-06-24,8,795.15,2822,4,4,4,444,Champions
2055,2018-06-24,9,2518.67,2822,4,3,2,432,Loyal Customers
1757,2018-06-24,20,11164.97,2822,4,1,1,411,Potential Loyalists
1825,2018-06-21,10,503.98,2825,4,3,4,434,Champions
1775,2018-06-20,13,1388.69,2826,4,2,3,423,Loyal Customers
1896,2018-06-20,7,675.94,2826,4,4,4,444,Champions
1843,2018-06-17,12,4345.88,2829,4,2,1,421,Loyal Customers
1645,2018-06-17,10,2770.0,2829,4,3,2,432,Loyal Customers
1705,2018-06-16,19,4246.46,2830,4,1,1,411,Potential Loyalists
1718,2018-06-15,19,5371.11,2831,4,1,1,411,Potential Loyalists
1761,2018-06-13,21,6121.1,2833,4,1,1,411,Potential Loyalists
2228,2018-06-12,7,1348.02,2834,4,4,3,443,Champions
2070,2018-06-11,16,9108.74,2835,4,1,1,411,Potential Loyalists
1596,2018-06-11,9,1493.94,2835,4,3,3,433,Champions
2191,2018-06-11,18,2933.67,2835,4,1,2,412,Potential Loyalists
2159,2018-06-10,10,1738.41,2836,4,3,3,433,Champions
1779,2018-06-10,11,1319.44,2836,4,3,3,433,Champions
2131,2018-06-09,9,1821.75,2837,4,3,3,433,Champions
2339,2018-06-08,5,1259.04,2838,4,4,3,443,Champions
2336,2018-06-03,13,2367.27,2843,4,2,2,422,Loyal Customers
2355,2018-06-01,3,385.51,2845,4,4,4,444,Champions
2238,2018-06-01,14,2271.29,2845,4,2,2,422,Loyal Customers
1857,2018-05-29,11,1090.85,2848,4,3,3,433,Champions
1695,2018-05-27,11,5271.63,2850,4,3,1,431,Loyal Customers
1622,2018-05-27,11,2139.79,2850,4,3,3,433,Champions
1600,2018-05-27,17,684.18,2850,4,1,4,414,Potential Loyalists
1885,2018-05-26,14,1338.82,2851,4,2,3,423,Loyal Customers
2332,2018-05-23,8,1055.99,2854,4,4,4,444,Champions
1776,2018-05-21,9,1507.02,2856,4,3,3,433,Champions
1983,2018-05-20,17,2461.41,2857,4,1,2,412,Potential Loyalists
2226,2018-05-19,14,955.12,2858,4,2,4,424,Loyal Customers
2324,2018-05-18,5,47.95,2859,4,4,4,444,Champions
1945,2018-05-18,12,974.78,2859,4,2,4,424,Loyal Customers
1597,2018-05-14,23,2744.74,2863,4,1,2,412,Potential Loyalists
2320,2018-05-14,8,2495.4,2863,4,3,2,432,Loyal Customers
1728,2018-05-12,5,925.8,2865,4,4,4,444,Champions
2315,2018-05-12,8,844.46,2865,4,3,4,434,Champions
1977,2018-05-08,13,6843.63,2869,4,2,1,421,Loyal Customers
2359,2018-05-06,14,3368.08,2871,4,2,2,422,Loyal Customers
1880,2018-05-05,6,318.23,2872,4,4,4,444,Champions
1764,2018-05-04,11,1031.6,2873,4,3,4,434,Champions
2302,2018-05-03,10,2469.67,2874,4,3,2,432,Loyal Customers
1648,2018-05-02,10,1204.85,2875,4,3,3,433,Champions
1979,2018-04-30,15,2161.98,2877,4,2,3,423,Loyal Customers
1618,2018-04-27,7,736.28,2880,4,4,4,444,Champions
1915,2018-04-25,10,2454.55,2882,4,3,2,432,Loyal Customers
1668,2018-04-21,7,1318.77,2886,4,4,3,443,Champions
2197,2018-04-20,13,2830.63,2887,4,2,2,422,Loyal Customers
1591,2018-04-15,12,1790.51,2892,4,2,3,423,Loyal Customers
2229,2018-04-14,7,2335.59,2893,4,4,2,442,Loyal Customers
2335,2018-04-10,6,1081.47,2897,4,4,3,443,Champions
2356,2018-04-10,2,16.74,2897,4,4,4,444,Champions
1941,2018-04-09,8,949.43,2898,4,3,4,434,Champions
1920,2018-04-01,24,7443.68,2906,4,1,1,411,Potential Loyalists
2291,2018-03-28,18,3487.19,2910,4,1,2,412,Potential Loyalists
1595,2018-03-27,14,2582.9,2911,4,2,2,422,Loyal Customers
2373,2018-03-27,4,320.54,2911,4,4,4,444,Champions
1676,2018-03-23,10,2564.89,2915,4,3,2,432,Loyal Customers
2250,2018-03-23,6,657.31,2915,4,4,4,444,Champions
1639,2018-03-21,28,10880.56,2917,4,1,1,411,Potential Loyalists
1767,2018-03-20,5,1240.88,2918,4,4,3,443,Champions
2220,2018-03-18,9,2199.36,2920,4,3,3,433,Champions
2346,2018-03-18,4,383.81,2920,4,4,4,444,Champions
2216,2018-03-16,7,907.16,2922,4,4,4,444,Champions
2349,2018-03-11,10,1691.5,2927,4,3,3,433,Champions
2341,2018-03-10,4,88.47,2928,4,4,4,444,Champions
1628,2018-03-09,22,1569.45,2929,4,1,3,413,Potential Loyalists
2304,2018-03-06,2,98.35,2932,4,4,4,444,Champions
1735,2018-03-05,6,695.44,2933,4,4,4,444,Champions
2268,2018-03-03,6,666.52,2935,4,4,4,444,Champions
2306,2018-03-03,8,2162.18,2935,4,3,3,433,Champions
1974,2018-03-03,10,2186.61,2935,4,3,3,433,Champions
1665,2018-02-26,16,11789.64,2940,4,1,1,411,Potential Loyalists
2234,2018-02-13,25,4105.32,2953,4,1,1,411,Potential Loyalists
2007,2018-02-06,10,658.46,2960,4,3,4,434,Champions
1846,2018-02-06,10,1306.09,2960,4,3,3,433,Champions
1883,2018-01-30,14,1523.28,2967,4,2,3,423,Loyal Customers
2044,2018-01-28,9,2567.66,2969,4,3,2,432,Loyal Customers
2179,2018-01-27,9,3058.38,2970,4,3,2,432,Loyal Customers
1587,2018-01-26,5,1148.78,2971,4,4,3,443,Champions
2100,2018-01-20,7,2422.83,2977,4,4,2,442,Loyal Customers
2115,2018-01-19,9,1453.47,2978,4,3,3,433,Champions
1770,2018-01-15,22,14142.34,2982,4,1,1,411,Potential Loyalists
2208,2018-01-15,19,1602.37,2982,4,1,3,413,Potential Loyalists
2321,2018-01-14,10,1936.62,2983,4,3,3,433,Champions
2113,2018-01-12,8,156.76,2985,4,4,4,444,Champions
2052,2018-01-07,2,4.84,2990,4,4,4,444,Champions
2090,2018-01-06,14,5480.73,2991,4,2,1,421,Loyal Customers
2370,2018-01-02,3,79.75,2995,4,4,4,444,Champions
2375,2017-12-30,1,16.52,2998,4,4,4,444,Champions
1703,2017-12-26,10,966.41,3002,4,3,4,434,Champions
1892,2017-12-26,11,1581.99,3002,4,3,3,433,Champions
2362,2017-12-19,9,400.02,3009,4,3,4,434,Champions
2219,2017-12-10,8,2305.71,3018,4,4,2,442,Loyal Customers
1696,2017-12-10,19,1739.69,3018,4,1,3,413,Potential Loyalists
1657,2017-12-09,15,1872.43,3019,4,2,3,423,Loyal Customers
1987,2017-12-09,4,1405.4,3019,4,4,3,443,Champions
1603,2017-12-08,3,1361.24,3020,4,4,3,443,Champions
2162,2017-12-05,16,3309.14,3023,4,1,2,412,Potential Loyalists
1592,2017-12-05,21,4930.49,3023,4,1,1,411,Potential Loyalists
2033,2017-12-04,14,3057.1,3024,4,2,2,422,Loyal Customers
1802,2017-12-04,7,1346.78,3024,4,4,3,443,Champions
1650,2017-12-01,32,7610.87,3027,4,1,1,411,Potential Loyalists
2109,2017-11-26,15,1860.74,3032,4,2,3,423,Loyal Customers
2155,2017-11-26,12,19052.22,3032,4,2,1,421,Loyal Customers
2053,2017-11-26,10,4432.14,3032,4,3,1,431,Loyal Customers
1989,2017-11-24,10,1679.72,3034,4,3,3,433,Champions
2010,2017-11-21,5,2256.39,3037,4,4,2,442,Loyal Customers
2139,2017-11-20,8,825.95,3038,4,4,4,444,Champions
2227,2017-11-19,3,439.5,3039,4,4,4,444,Champions
2059,2017-11-19,6,1164.73,3039,4,4,3,443,Champions
1933,2017-11-18,10,2120.95,3040,4,3,3,433,Champions
2367,2017-11-16,2,48.4,3042,4,4,4,444,Champions
2293,2017-11-15,23,7888.3,3043,4,1,1,411,Potential Loyalists
1608,2017-11-15,15,1567.52,3043,4,2,3,423,Loyal Customers
1971,2017-11-12,15,1613.39,3046,4,2,3,423,Loyal Customers
2377,2017-11-11,1,14.11,3047,4,4,4,444,Champions
2023,2017-11-11,7,1961.93,3047,4,4,3,443,Champions
2342,2017-11-10,6,886.15,3048,4,4,4,444,Champions
1901,2017-11-10,7,861.57,3048,4,4,4,444,Champions
2303,2017-11-04,8,937.05,3054,4,3,4,434,Champions
1632,2017-11-04,5,1245.79,3054,4,4,3,443,Champions
1912,2017-11-04,6,244.49,3054,4,4,4,444,Champions
2290,2017-11-01,8,970.11,3057,4,3,4,434,Champions
1783,2017-10-24,9,418.49,3065,4,3,4,434,Champions
2239,2017-10-22,7,475.66,3067,4,4,4,444,Champions
2371,2017-10-20,7,3246.63,3069,4,4,2,442,Loyal Customers
1907,2017-10-20,9,288.0,3069,4,3,4,434,Champions
1821,2017-10-04,5,370.34,3085,4,4,4,444,Champions
1972,2017-09-29,12,1685.89,3090,4,2,3,423,Loyal Customers
2080,2017-09-25,7,1428.73,3094,4,4,3,443,Champions
1772,2017-09-23,8,469.16,3096,4,4,4,444,Champions
2204,2017-09-22,12,3922.41,3097,4,2,1,421,Loyal Customers
2150,2017-09-19,12,6979.18,3100,4,2,1,421,Loyal Customers
1715,2017-09-16,4,475.9,3103,4,4,4,444,Champions
2347,2017-09-05,10,1376.8,3114,4,3,3,433,Champions
2121,2017-09-05,10,748.03,3114,4,3,4,434,Champions
1911,2017-09-03,3,1441.15,3116,4,4,3,443,Champions
1957,2017-09-03,6,709.17,3116,4,4,4,444,Champions
1617,2017-09-02,16,8282.36,3117,4,1,1,411,Potential Loyalists
1666,2017-08-28,7,884.64,3122,4,4,4,444,Champions
2363,2017-08-26,6,613.4,3124,4,4,4,444,Champions
2087,2017-08-26,5,418.43,3124,4,4,4,444,Champions
1932,2017-08-21,12,954.64,3129,4,2,4,424,Loyal Customers
2361,2017-08-16,1,161.28,3134,4,4,4,444,Champions
1965,2017-08-13,17,2163.63,3137,4,1,3,413,Potential Loyalists
2240,2017-07-29,3,740.39,3152,4,4,4,444,Champions
2326,2017-07-23,4,377.17,3158,4,4,4,444,Champions
2171,2017-07-14,11,2085.74,3167,4,3,3,433,Champions
1952,2017-07-14,9,3868.01,3167,4,3,1,431,Loyal Customers
1993,2017-07-14,8,758.69,3167,4,4,4,444,Champions
2368,2017-07-14,2,88.15,3167,4,4,4,444,Champions
2063,2017-06-29,8,1300.08,3182,4,3,3,433,Champions
2364,2017-06-26,1,5.3,3185,4,4,4,444,Champions
2313,2017-06-23,7,1342.29,3188,4,4,3,443,Champions
2327,2017-06-20,9,10501.65,3191,4,3,1,431,Loyal Customers
2177,2017-06-18,7,603.87,3193,4,4,4,444,Champions
1691,2017-05-28,16,6442.26,3214,4,2,1,421,Loyal Customers
2161,2017-05-27,11,3288.12,3215,4,3,2,432,Loyal Customers
2096,2017-05-26,11,2198.46,3216,4,3,3,433,Champions
2026,2017-05-16,3,1156.66,3226,4,4,3,443,Champions
2379,2017-05-03,6,1043.05,3239,4,4,4,444,Champions
1726,2017-04-25,11,2725.25,3247,4,3,2,432,Loyal Customers
1836,2017-04-02,5,2012.52,3270,4,4,3,443,Champions
2103,2017-03-22,7,221.09,3281,4,4,4,444,Champions
1976,2017-03-11,3,415.2,3292,4,4,4,444,Champions
2123,2017-02-11,2,132.74,3320,4,4,4,444,Champions
2126,2017-02-08,4,1537.24,3323,4,4,3,443,Champions
2237,2017-01-30,6,2390.54,3332,4,4,2,442,Loyal Customers
2206,2017-01-22,4,565.39,3340,4,4,4,444,Champions
1675,2017-01-11,12,2945.81,3351,4,2,2,422,Loyal Customers
1955,2017-01-11,9,2550.87,3351,4,3,2,432,Loyal Customers
1689,2016-12-24,8,900.55,3369,4,3,4,434,Champions
1929,2016-12-08,3,195.0,3385,4,4,4,444,Champions
1748,2016-12-03,7,2358.66,3390,4,4,2,442,Loyal Customers
2328,2016-11-26,2,2096.39,3397,4,4,3,443,Champions
1910,2016-11-26,5,236.53,3397,4,4,4,444,Champions
2374,2016-11-22,7,251.36,3401,4,4,4,444,Champions
2195,2016-11-20,5,449.1,3403,4,4,4,444,Champions
2310,2016-11-15,11,1043.09,3408,4,3,4,434,Champions
2308,2016-11-14,6,368.88,3409,4,4,4,444,Champions
2297,2016-11-10,17,3362.96,3413,4,1,2,412,Potential Loyalists
2117,2016-10-23,12,2854.12,3431,4,2,2,422,Loyal Customers
1860,2016-10-10,4,1058.62,3444,4,4,4,444,Champions
2311,2016-09-17,19,9062.86,3467,4,1,1,411,Potential Loyalists
1719,2016-09-07,9,1455.04,3477,4,3,3,433,Champions
2067,2016-08-01,3,1061.49,3514,4,4,4,444,Champions
2312,2016-04-05,9,1736.6,3632,4,3,3,433,Champions
2369,2016-03-01,13,3984.45,3667,4,2,1,421,Loyal Customers
2378,2015-12-29,1,48.36,3730,4,4,4,444,Champions
2331,2015-11-21,5,1284.38,3768,4,4,3,443,Champions
2217,2015-10-22,2,273.87,3798,4,4,4,444,Champions
